DROP TABLE IF EXISTS `prefix_administrators`;
CREATE TABLE `prefix_administrators` (`administrator_id` int(3) unsigned NOT NULL AUTO_INCREMENT, `email` varchar(128) DEFAULT NULL, `password` varchar(32) DEFAULT NULL, PRIMARY KEY (`administrator_id`)) ENGINE=MyISAM AUTO_INCREMENT=2 DEFAULT CHARSET=latin1;
REPLACE INTO `prefix_administrators` VALUES (1,'root@localhost','');

DROP TABLE IF EXISTS `prefix_administrator_preferences`;
CREATE TABLE `prefix_administrator_preferences` (`administrator_id` int(3) unsigned NOT NULL DEFAULT '0', `key` varchar(64) NOT NULL DEFAULT '', `value` int(1) DEFAULT '0', PRIMARY KEY (`administrator_id`,`key`)) ENGINE=MyISAM DEFAULT CHARSET=latin1;

DROP TABLE IF EXISTS `prefix_configuration`;
CREATE TABLE `prefix_configuration` (`key` varchar(64) NOT NULL DEFAULT '', `value` text, `handler` varchar(64) DEFAULT NULL, PRIMARY KEY (`key`)) ENGINE=MyISAM DEFAULT CHARSET=latin1;
REPLACE INTO `prefix_configuration` VALUES ('OFFLINE','false','bool'),('DEBUG','false','bool'),('JPEG_QUALITY','75','percentage');

DROP TABLE IF EXISTS `prefix_content`;
CREATE TABLE `prefix_content` (`content_id` int(12) unsigned NOT NULL AUTO_INCREMENT, `model_id` int(8) unsigned NOT NULL DEFAULT '0', `parent_id` int(12) unsigned NOT NULL DEFAULT '0', `sort_order` int(3) unsigned DEFAULT '10', `enabled` int(1) unsigned DEFAULT '1', `path` char(64) DEFAULT NULL, `title` varchar(64) DEFAULT NULL, `date_created` int(10) unsigned DEFAULT NULL, `date_modified` int(10) unsigned DEFAULT NULL, PRIMARY KEY (`content_id`,`model_id`,`parent_id`)) ENGINE=MyISAM AUTO_INCREMENT=4 DEFAULT CHARSET=latin1;
REPLACE INTO `prefix_content` VALUES (1,1,0,99999,1,NULL,'Documents',1294625316,1294625316),(2,2,1,10,1,NULL,'My First Document',1294625434,1294625434),(3,2,1,20,1,NULL,'My Second Document',1294626033,1294626033);

DROP TABLE IF EXISTS `prefix_content_data`;
CREATE TABLE `prefix_content_data` (`content_id` int(12) unsigned NOT NULL DEFAULT '0', `model_id` int(8) unsigned NOT NULL DEFAULT '0', `value` text, PRIMARY KEY (`content_id`,`model_id`)) ENGINE=MyISAM DEFAULT CHARSET=latin1;
REPLACE INTO `prefix_content_data` VALUES (1,3,''),(1,4,''),(1,5,''),(1,6,'1294625316'),(2,3,'My First Document'),(2,4,'<p>This is my first document.</p>\r\n<p><strong>bold</strong></p>\r\n<p><em>italic</em></p>'),(2,5,'98925907'),(2,6,'1309762800'),(3,3,'My Second Document'),(3,4,'<p>This is my second document.</p>\r\n<p><span style=&quot;text-decoration: underline;&quot;>underline</span></p>\r\n<p>strikethrough</p>'),(3,5,'486427668'),(3,6,'1315724400');

DROP TABLE IF EXISTS `prefix_model`;
CREATE TABLE `prefix_model` (`model_id` int(8) unsigned NOT NULL AUTO_INCREMENT, `parent_id` int(8) unsigned DEFAULT '0', `sort_order` int(3) unsigned DEFAULT NULL, `enabled` int(1) unsigned DEFAULT '1', `handler` char(16) DEFAULT NULL, `name` char(32) DEFAULT NULL, `title` varchar(64) DEFAULT NULL, `group` varchar(32) DEFAULT NULL, `date_created` int(10) unsigned DEFAULT NULL, `date_modified` int(10) unsigned DEFAULT NULL, PRIMARY KEY (`model_id`)) ENGINE=MyISAM AUTO_INCREMENT=7 DEFAULT CHARSET=latin1;
REPLACE INTO `prefix_model` VALUES (1,0,99999,1,'section_handler','documents','Documents',NULL,1294623855,1294623855),(2,1,99999,1,'page_handler','document','Document',NULL,1294623866,1294625721),(3,2,99999,1,'title_handler','title','Title',NULL,1294623876,1294623876),(4,2,99999,1,'styled_handler','body','Body',NULL,1294623904,1294623904),(5,2,99999,1,'file_handler','images','Images',NULL,1294623930,1294623930),(6,2,99999,1,'date_handler','date','Date',NULL,1294623942,1294623942);

DROP TABLE IF EXISTS `prefix_file`;
CREATE TABLE `prefix_file` (`file_id` int(12) unsigned NOT NULL AUTO_INCREMENT, `group_id` int(8) unsigned NOT NULL DEFAULT '0', `sort_order` int(4) unsigned DEFAULT NULL, `default` int(1) unsigned DEFAULT '0', `name` varchar(255) DEFAULT NULL, `title` varchar(255) DEFAULT NULL, `description` text, `keywords` text, PRIMARY KEY (`file_id`,`group_id`)) ENGINE=MyISAM AUTO_INCREMENT=8 DEFAULT CHARSET=latin1;
REPLACE INTO `prefix_file` VALUES (1,98925907,NULL,0,'Calendar.png',NULL,NULL,NULL),(2,98925907,NULL,0,'Clock.png',NULL,NULL,NULL),(3,98925907,NULL,0,'Colors.png',NULL,NULL,NULL),(4,98925907,NULL,0,'Link Add.png',NULL,NULL,NULL),(5,98925907,NULL,0,'Link Remove.png',NULL,NULL,NULL),(6,486427668,1,0,'Move Down.png',NULL,NULL,NULL),(7,486427668,2,0,'Move Up.png',NULL,NULL,NULL);

DROP TABLE IF EXISTS `prefix_sessions`;
CREATE TABLE `prefix_sessions` (`session_id` char(32) NOT NULL DEFAULT '', `ip_address` char(15) DEFAULT NULL, `user_id` int(12) unsigned DEFAULT NULL, `data` text, `date_modified` int(10) unsigned DEFAULT NULL, PRIMARY KEY (`session_id`)) ENGINE=MyISAM DEFAULT CHARSET=latin1;

DROP TABLE IF EXISTS `prefix_users`;
CREATE TABLE `prefix_users` (`user_id` int(12) unsigned NOT NULL AUTO_INCREMENT, `first_name` varchar(255) DEFAULT NULL, `last_name` varchar(255) DEFAULT NULL, `company` varchar(255) DEFAULT NULL, `street_address` varchar(255) DEFAULT NULL, `street_address_2` varchar(255) DEFAULT NULL, `city` varchar(255) DEFAULT NULL, `state` varchar(255) DEFAULT NULL, `zone_id` int(4) unsigned DEFAULT NULL, `postcode` varchar(16) DEFAULT NULL, `country_id` int(3) unsigned DEFAULT NULL, `telephone` varchar(32) DEFAULT NULL, `email_address` varchar(128) DEFAULT NULL, `password` varchar(32) DEFAULT NULL, `date_created` int(10) unsigned DEFAULT NULL, `date_modified` int(10) unsigned DEFAULT NULL, PRIMARY KEY (`user_id`)) ENGINE=MyISAM DEFAULT CHARSET=latin1;

DROP TABLE IF EXISTS `prefix_user_preferences`;
CREATE TABLE `prefix_user_preferences` (`user_id` int(12) unsigned NOT NULL DEFAULT '0', `key` varchar(64) NOT NULL DEFAULT '', `value` int(1) DEFAULT '0', PRIMARY KEY (`user_id`,`key`)) ENGINE=MyISAM DEFAULT CHARSET=latin1;

DROP TABLE IF EXISTS `prefix_countries`;
CREATE TABLE `prefix_countries` (`country_id` int(3) unsigned NOT NULL AUTO_INCREMENT, `country_name` varchar(255) DEFAULT NULL, `country_code` char(2) DEFAULT NULL, PRIMARY KEY (`country_id`)) ENGINE=MyISAM AUTO_INCREMENT=240 DEFAULT CHARSET=latin1;
REPLACE INTO `prefix_countries` VALUES (1,'Afghanistan','AF'),(2,'Albania','AL'),(3,'Algeria','DZ'),(5,'Andorra','AD'),(6,'Angola','AO'),(7,'Anguilla','AI'),(8,'Antarctica','AQ'),(9,'Antigua and Barbuda','AG'),(10,'Argentina','AR'),(11,'Armenia','AM'),(12,'Aruba','AW'),(13,'Australia','AU'),(14,'Austria','AT'),(15,'Azerbaijan','AZ'),(16,'Bahamas','BS'),(17,'Bahrain','BH'),(18,'Bangladesh','BD'),(19,'Barbados','BB'),(20,'Belarus','BY'),(21,'Belgium','BE'),(22,'Belize','BZ'),(23,'Benin','BJ'),(24,'Bermuda','BM'),(25,'Bhutan','BT'),(26,'Bolivia','BO'),(27,'Bosnia-Herzegowina','BA'),(28,'Botswana','BW'),(29,'Bouvet Island','BV'),(30,'Brazil','BR'),(31,'British Indian Ocean Territory','IO'),(32,'Brunei Darussalam','BN'),(33,'Bulgaria','BG'),(34,'Burkina Faso','BF'),(35,'Burundi','BI'),(36,'Cambodia','KH'),(37,'Cameroon','CM'),(38,'Canada','CA'),(39,'Cape Verde','CV'),(40,'Cayman Islands','KY'),(41,'Central African Rep.','CF'),(42,'Chad','TD'),(43,'Chile','CL'),(44,'China','CN'),(45,'Christmas Island (Australia)','CX'),(46,'Keeling Islands (Australia)','CC'),(47,'Colombia','CO'),(48,'Comoros','KM'),(49,'Congo, Democratic Republic of the','CG'),(50,'Cook Islands (New Zealand)','CK'),(51,'Costa Rica','CR'),(52,'Cote D\'Ivoire','CI'),(53,'Croatia','HR'),(54,'Cuba','CU'),(55,'Cyprus','CY'),(56,'Czech Republic','CZ'),(57,'Denmark','DK'),(58,'Djibouti','DJ'),(59,'Dominica','DM'),(60,'Dominican Republic','DO'),(61,'East Timor (Indonesia)','TP'),(62,'Ecuador','EC'),(63,'Egypt','EG'),(64,'El Salvador','SV'),(65,'Equatorial Guinea','GQ'),(66,'Eritrea','ER'),(67,'Estonia','EE'),(68,'Ethiopia','ET'),(69,'Falkland Islands','FK'),(70,'Faroe Islands','FO'),(71,'Fiji','FJ'),(72,'Finland','FI'),(73,'France','FR'),(75,'French Guiana','GF'),(76,'French Polynesia','PF'),(77,'French Southern Territories','TF'),(78,'Gabon','GA'),(79,'Gambia','GM'),(80,'Georgia, Republic of','GE'),(81,'Germany','DE'),(82,'Ghana','GH'),(83,'Gibraltar','GI'),(84,'Greece','GR'),(85,'Greenland','GL'),(86,'Grenada','GD'),(87,'Guadeloupe','GP'),(89,'Guatemala','GT'),(90,'Guinea','GN'),(91,'Guinea-bissau','GW'),(92,'Guyana','GY'),(93,'Haiti','HT'),(94,'Heard and Mc Donald Islands','HM'),(95,'Honduras','HN'),(96,'Hong Kong','HK'),(97,'Hungary','HU'),(98,'Iceland','IS'),(99,'India','IN'),(100,'Indonesia','ID'),(101,'Iran','IR'),(102,'Iraq','IQ'),(103,'Ireland','IE'),(104,'Israel','IL'),(105,'Italy','IT'),(106,'Jamaica','JM'),(107,'Japan','JP'),(108,'Jordan','JO'),(109,'Kazakhstan','KZ'),(110,'Kenya','KE'),(111,'Kiribati','KI'),(112,'Korea, Democratic People\'s Republic of','PR'),(113,'Korea, Republic of (South Korea)','KR'),(114,'Kuwait','KW'),(115,'Kyrgyzstan','KG'),(116,'Laos','LA'),(117,'Latvia','LV'),(118,'Lebanon','LB'),(119,'Lesotho','LS'),(120,'Liberia','LR'),(121,'Libyan Arab Jamahiriya','LY'),(122,'Liechtenstein','LI'),(123,'Lithuania','LT'),(124,'Luxembourg','LU'),(125,'Macau (Macao)','MO'),(126,'Macedonia','MK'),(127,'Madagascar','MG'),(128,'Malawi','MW'),(129,'Malaysia','MY'),(130,'Maldives','MV'),(131,'Mali','ML'),(132,'Malta','MT'),(134,'Martinique','MQ'),(135,'Mauritania','MR'),(136,'Mauritius','MU'),(137,'Mayotte (France)','YT'),(138,'Mexico','MX'),(140,'Moldova','MD'),(141,'Monaco (France)','MC'),(142,'Mongolia','MN'),(143,'Montserrat','MS'),(144,'Morocco','MA'),(145,'Mozambique','MZ'),(146,'Myanmar (Burma)','MM'),(147,'Namibia','NA'),(148,'Nauru','NR'),(149,'Nepal','NP'),(150,'Netherlands','NL'),(151,'Netherlands Antilles','AN'),(152,'New Caledonia','NC'),(153,'New Zealand','NZ'),(154,'Nicaragua','NI'),(155,'Niger','NE'),(156,'Nigeria','NG'),(157,'Niue (New Zealand)','NU'),(158,'Norfolk Island (Australia)','NF'),(160,'Norway','NO'),(161,'Oman','OM'),(162,'Pakistan','PK'),(164,'Panama','PA'),(165,'Papua New Guinea','PG'),(166,'Paraguay','PY'),(167,'Peru','PE'),(168,'Philippines','PH'),(169,'Pitcairn Island','PN'),(170,'Poland','PL'),(171,'Portugal','PT'),(173,'Qatar','QA'),(174,'Reunion','RE'),(175,'Romania','RO'),(176,'Russian Federation','RU'),(177,'Rwanda','RW'),(178,'Saint Christopher (St. Kitts) and Nevis','KN'),(179,'Saint Lucia','LC'),(180,'Saint Vincent and the Grenadines','VC'),(181,'Nukunonu (Western Samoa)','WS'),(182,'San Marino','SM'),(183,'Sao Tome and Principe','ST'),(184,'Saudi Arabia','SA'),(185,'Senegal','SN'),(186,'Seychelles','SC'),(187,'Sierra Leone','SL'),(188,'Singapore','SG'),(189,'Slovak Republic','SK'),(190,'Slovenia','SI'),(191,'Solomon Islands','SB'),(192,'Somalia','SO'),(193,'South Africa','ZA'),(194,'South Georgia','GS'),(195,'Spain','ES'),(196,'Sri Lanka','LK'),(197,'Saint Helena','SH'),(198,'Saint Pierre and Miquelon','PM'),(199,'Sudan','SD'),(200,'Suriname','SR'),(201,'Svalbard and Jan Mayen Islands','SJ'),(202,'Swaziland','SZ'),(203,'Sweden','SE'),(204,'Switzerland','CH'),(205,'Syrian Arab Republic','SY'),(206,'Taiwan','TW'),(207,'Tajikistan','TJ'),(208,'Tanzania','TZ'),(209,'Thailand','TH'),(210,'Togo','TG'),(211,'Tokelau (Union) Group (Western Samoa)','TK'),(212,'Tonga','TO'),(213,'Trinidad and Tobago','TT'),(214,'Tunisia','TN'),(215,'Turkey','TR'),(216,'Turkmenistan','TM'),(217,'Turks and Caicos Islands','TC'),(218,'Tuvalu','TV'),(219,'Uganda','UG'),(220,'Ukraine','UA'),(221,'United Arab Emirates','AE'),(222,'United Kingdom (Great Britain)','GB'),(223,'United States','US'),(224,'United States Minor Outlying Islands','UM'),(225,'Uruguay','UY'),(226,'Uzbekistan','UZ'),(227,'Vanuatu','VU'),(228,'Vatican City','VA'),(229,'Venezuela','VE'),(230,'Vietnam','VN'),(231,'British Virgin Islands','VG'),(233,'Wallis and Futuna Islands','WF'),(234,'Western Sahara','EH'),(235,'Yemen','YE'),(236,'Yugoslavia','YU'),(237,'Zaire','ZR'),(238,'Zambia','ZM'),(239,'Zimbabwe','ZW');

DROP TABLE IF EXISTS `prefix_zones`;
CREATE TABLE `prefix_zones` (`zone_id` int(4) unsigned NOT NULL AUTO_INCREMENT, `country_id` int(3) unsigned NOT NULL DEFAULT '0', `zone_name` varchar(255) DEFAULT NULL, `zone_code` varchar(3) DEFAULT NULL, PRIMARY KEY (`country_id`,`zone_id`)) ENGINE=MyISAM DEFAULT CHARSET=latin1;
REPLACE INTO `prefix_zones` VALUES (1,223,'Alabama','AL'),(2,223,'Alaska','AK'),(3,223,'American Samoa','AS'),(4,223,'Arizona','AZ'),(5,223,'Arkansas','AR'),(6,223,'Armed Forces Africa','AF'),(7,223,'Armed Forces Americas','AA'),(8,223,'Armed Forces Canada','AC'),(9,223,'Armed Forces Europe','AE'),(10,223,'Armed Forces Middle East','AM'),(11,223,'Armed Forces Pacific','AP'),(12,223,'California','CA'),(13,223,'Colorado','CO'),(14,223,'Connecticut','CT'),(15,223,'Delaware','DE'),(16,223,'District of Columbia','DC'),(17,223,'Federated States Of Micronesia','FM'),(18,223,'Florida','FL'),(19,223,'Georgia','GA'),(20,223,'Guam','GU'),(21,223,'Hawaii','HI'),(22,223,'Idaho','ID'),(23,223,'Illinois','IL'),(24,223,'Indiana','IN'),(25,223,'Iowa','IA'),(26,223,'Kansas','KS'),(27,223,'Kentucky','KY'),(28,223,'Louisiana','LA'),(29,223,'Maine','ME'),(30,223,'Marshall Islands','MH'),(31,223,'Maryland','MD'),(32,223,'Massachusetts','MA'),(33,223,'Michigan','MI'),(34,223,'Minnesota','MN'),(35,223,'Mississippi','MS'),(36,223,'Missouri','MO'),(37,223,'Montana','MT'),(38,223,'Nebraska','NE'),(39,223,'Nevada','NV'),(40,223,'New Hampshire','NH'),(41,223,'New Jersey','NJ'),(42,223,'New Mexico','NM'),(43,223,'New York','NY'),(44,223,'North Carolina','NC'),(45,223,'North Dakota','ND'),(46,223,'Northern Mariana Islands','MP'),(47,223,'Ohio','OH'),(48,223,'Oklahoma','OK'),(49,223,'Oregon','OR'),(50,223,'Palau','PW'),(51,223,'Pennsylvania','PA'),(52,223,'Puerto Rico','PR'),(53,223,'Rhode Island','RI'),(54,223,'South Carolina','SC'),(55,223,'South Dakota','SD'),(56,223,'Tennessee','TN'),(57,223,'Texas','TX'),(58,223,'Utah','UT'),(59,223,'Vermont','VT'),(60,223,'Virgin Islands','VI'),(61,223,'Virginia','VA'),(62,223,'Washington','WA'),(63,223,'West Virginia','WV'),(64,223,'Wisconsin','WI'),(65,223,'Wyoming','WY'),(66,38,'Alberta','AB'),(67,38,'British Columbia','BC'),(68,38,'Manitoba','MB'),(69,38,'Newfoundland','NF'),(70,38,'New Brunswick','NB'),(71,38,'Nova Scotia','NS'),(72,38,'Northwest Territories','NT'),(73,38,'Nunavut','NU'),(74,38,'Ontario','ON'),(75,38,'Prince Edward Island','PE'),(76,38,'Quebec','QC'),(77,38,'Saskatchewan','SK'),(78,38,'Yukon Territory','YT'),(79,14,'Wien','WI'),(80,14,'Niederösterreich','NO'),(81,14,'Oberösterreich','OO'),(82,14,'Salzburg','SB'),(83,14,'Kärnten','KN'),(84,14,'Steiermark','ST'),(85,14,'Tirol','TI'),(86,14,'Burgenland','BL'),(87,14,'Voralberg','VB'),(88,195,'Alava','ALA'),(89,195,'Malaga','MAL'),(90,195,'Segovia','SEG'),(91,195,'Granada','GRA'),(92,195,'Jaen','JAE'),(93,195,'Sevilla','SEV'),(94,195,'Barcelona','BAR'),(95,195,'Valencia','VAL'),(96,195,'Alicante','ALI'),(97,195,'Almeria','ALM'),(98,195,'Asturias','AST'),(99,195,'Avila','AVI'),(100,195,'Badajoz','BAD'),(101,195,'Burgos','BUR'),(102,195,'Caceres','CAC'),(103,195,'Cadiz','CAD'),(104,195,'Cantabria','CAN'),(105,195,'Castellon','CAS'),(106,195,'Ceuta','CEU'),(107,195,'Ciudad Real','CIU'),(108,195,'Cordoba','COR'),(109,195,'Cuenca','CUE'),(110,195,'Girona','GIR'),(111,195,'Las Palmas','LAS'),(112,195,'Guadalajara','GUA'),(113,195,'Guipuzcoa','GUI'),(114,195,'Huelva','HUE'),(115,195,'Huesca','HUE'),(116,195,'A Coru a','A'),(117,195,'La Rioja','LA'),(118,195,'Leon','LEO'),(119,195,'Lugo','LUG'),(120,195,'Lleida','LLE'),(121,195,'Madrid','MAD'),(122,195,'Baleares','BAL'),(123,195,'Cantabria','CAN'),(124,195,'Murcia','MUR'),(125,195,'Navarra','NAV'),(126,195,'Ourense','OUR'),(127,195,'Palencia','PAL'),(128,195,'Pontevedra','PON'),(129,195,'Salamanca','SAL'),(130,195,'Soria','SOR'),(131,195,'Tarragona','TAR'),(132,195,'Tenerife','TEN'),(133,195,'Teruel','TER'),(134,195,'Toledo','TOL'),(135,195,'Valladolid','VAL'),(136,195,'Vizcaya','VIZ'),(137,195,'Zamora','ZAM'),(138,195,'Zaragoza','ZAR'),(139,195,'Melilla','MEL'),(140,13,'Australian Capital Territory','ACT'),(141,13,'New South Wales','NSW'),(142,13,'Northern Territory','NT'),(143,13,'Queensland','QLD'),(144,13,'South Australia','SA'),(145,13,'Tasmania','TAS'),(146,13,'Victoria','VIC'),(147,13,'Western Australia','WA'),(148,138,'Aguascalientes','AGS'),(149,138,'Baja California','BC'),(150,138,'Baja California Sur','BCS'),(151,138,'Campeche','CAM'),(152,138,'Coahuila','COA'),(153,138,'Colima','COL'),(154,138,'Chiapas','CHI'),(155,138,'Chihuahua','CHI'),(156,138,'Distrito Federal','DF'),(157,138,'Durango','DGO'),(158,138,'Estado de Mexico','MEX'),(159,138,'Guanajuato','GTO'),(160,138,'Guerrero','GRO'),(161,138,'Hidalgo','HGO'),(162,138,'Jalisco','JAL'),(163,138,'Michoacan','MCH'),(164,138,'Morelos','MOR'),(165,138,'Nayarit','NAY'),(166,138,'Nuevo Leon','NL'),(167,138,'Oaxaca','OAX'),(168,138,'Puebla','PUE'),(169,138,'Queretaro','QRO'),(170,138,'Quintana Roo','QR'),(171,138,'San Luis Potosi','SLP'),(172,138,'Sinaloa','SIN'),(173,138,'Sonora','SON'),(174,138,'Tabasco','TAB'),(175,138,'Tamaulipas','TMP'),(176,138,'Tlaxcala','TLA'),(177,138,'Veracruz','VER'),(178,138,'Yucatan','YUC'),(179,138,'Zacatecas','ZAC'),(180,193,'Western Cape','WP'),(181,193,'Gauteng','GP'),(182,193,'Kwazulu-Natal','KZN'),(183,193,'Northern-Cape','NC'),(184,193,'Eastern-Cape','EC'),(185,193,'Mpumalanga','MP'),(186,193,'North-West','NW'),(187,193,'Free State','FS'),(188,193,'Northern Province','NP'),(189,204,'Argovie/Aargau','AG'),(190,204,'Appenzell Rhode intérieur/Inne','AI'),(191,204,'Appenzell Rhode extérieur/Auss','AR'),(192,204,'Berne/Bern','BE'),(193,204,'Bales-Campagne/Basel-Landschaft','BL'),(194,204,'Bales-Ville/Basel-Stadt','BS'),(195,204,'Fribourg/Freiburg','FR'),(196,204,'Genève/Genf','GE'),(197,204,'Glaris/Glarus','GL'),(198,204,'Grisons/Graubünden','JU'),(199,204,'Jura','JU'),(200,204,'Lucerne/Luzern','LU'),(201,204,'Neuchâtel/Neuenburg','NE'),(202,204,'Nidwald/Nidwalden','NW'),(203,204,'Obwald/Obwalden','OW'),(204,204,'St.Galles/St. Gallen','SG'),(205,204,'Schaffouse/Schaffhausen','SH'),(206,204,'Soleure/Solothurn','SO'),(207,204,'Schwyz','SZ'),(208,204,'Turgovie/Thurgau','TG'),(209,204,'Tessin','TI'),(210,204,'Uri','UR'),(211,204,'Vaud/Waadt','VD'),(212,204,'Valais/Wallis','VS'),(213,204,'Zug','ZG'),(214,204,'Zürich','ZH'),(215,222,'Alderney','ALD'),(216,222,'County Antrim','ATM'),(217,222,'County Armagh','ARM'),(218,222,'Avon','AVN'),(219,222,'Bedfordshire','BFD'),(220,222,'Berkshire','BRK'),(221,222,'Borders','BDS'),(222,222,'Buckinghamshire','BUX'),(223,222,'Cambridgeshire','CBE'),(224,222,'Central','CTR'),(225,222,'Cheshire','CHS'),(226,222,'Cleveland','CVE'),(227,222,'Clwyd','CLD'),(228,222,'Cornwall','CNL'),(229,222,'Cumbria','CBA'),(230,222,'Derbyshire','DYS'),(231,222,'Devon','DVN'),(232,222,'Dorse','DOR'),(233,222,'County Down','DWN'),(234,222,'Dumfries and Galloway','DGL'),(235,222,'County Durham','DHM'),(236,222,'Dyfed','DFD'),(237,222,'Essex','ESX'),(238,222,'County Fermanagh','FMH'),(239,222,'Fife','FFE'),(240,222,'Mid Glamorgan','GNM'),(241,222,'South Glamorgan','GNS'),(242,222,'West Glamorgan','GNW'),(243,222,'Gloucester','GLR'),(244,222,'Grampian','GRN'),(245,222,'Guernsey','GUR'),(246,222,'Gwent','GWT'),(247,222,'Gwynedd','GDD'),(248,222,'Hampshire','HPH'),(249,222,'Hereford and Worcester','HWR'),(250,222,'Hertfordshire','HFD'),(251,222,'Highlands','HLD'),(252,222,'Humberside','HBS'),(253,222,'Isle of Man','IOM'),(254,222,'Isle of Wight','IOW'),(255,222,'Jersey','JER'),(256,222,'Kent','KNT'),(257,222,'Lancashire','LNH'),(258,222,'Leicestershire','LEC'),(259,222,'Lincolnshire','LCN'),(260,222,'Greater London','LDN'),(261,222,'County Londonderry','LDR'),(262,222,'Lothian','LTH'),(263,222,'Greater Manchester','MCH'),(264,222,'Merseyside','MSY'),(265,222,'Norfolk','NOR'),(266,222,'Northamptonshire','NHM'),(267,222,'Northumberland','NLD'),(268,222,'Nottinghamshire','NOT'),(269,222,'Orkney','ORK'),(270,222,'Oxfordshire','OFE'),(271,222,'Powys','PWS'),(272,222,'Shropshire','SPE'),(273,222,'Sark','SRK'),(274,222,'Shetland','SLD'),(275,222,'Somerset','SOM'),(276,222,'Staffordshire','SFD'),(277,222,'Strathclyde','SCD'),(278,222,'Suffolk','SFK'),(279,222,'Surrey','SRY'),(280,222,'East Sussex','SXE'),(281,222,'West Sussex','SXW'),(282,222,'Tayside','TYS'),(283,222,'Tyne and Wear','TWR'),(284,222,'County Tyrone','TYR'),(285,222,'Warwickshire','WKS'),(286,222,'Western Isles','WIL'),(287,222,'West Midlands','WMD'),(288,222,'Wiltshire','WLT'),(289,222,'North Yorkshire','YSN'),(290,222,'South Yorkshire','YSS'),(291,222,'West Yorkshire','YSW'),(292,30,'Acre','AC'),(293,30,'Alagoas','AL'),(294,30,'Amazùnia','AM'),(295,30,'Amapá','AP'),(296,30,'Bahia','BA'),(297,30,'Cearã','CE'),(298,30,'Distrito Federal','DF'),(299,30,'Espìrito Santo','ES'),(300,30,'Goìas','GO'),(301,30,'Maranhão','MA'),(302,30,'Minas Gerais','MG'),(303,30,'Mato Grosso do Sul','MS'),(304,30,'Mato Grosso','MT'),(305,30,'Pará','PA'),(306,30,'Paraìba','PB'),(307,30,'Pernambuco','PE'),(308,30,'Piauì','PI'),(309,30,'Paranã','PR'),(310,30,'Rio de Janeiro','RJ'),(311,30,'Rio Grande do Norte','RN'),(312,30,'Roraima','RO'),(313,30,'Rondùnia','RR'),(314,30,'Rio Grande do Sul','RS'),(315,30,'Santa Catarina','SC'),(316,30,'Sergipe','SE'),(317,30,'Sao Paulo','SP'),(318,30,'Tocantins','TO'),(319,150,'Drenthe','DRE'),(320,150,'Flevoland','FLE'),(321,150,'Friesland','FRI'),(322,150,'Gelderland','GEL'),(323,150,'Groningen','GRO'),(324,150,'Limburg','LIM'),(325,150,'Noord-Brabant','NOO'),(326,150,'Noord-Holland','NOO'),(327,150,'Overijssel','OVE'),(328,150,'Utrecht','UTR'),(329,150,'Zeeland','ZEE'),(330,150,'Zuid_Holland','ZUI'),(331,103,'Carlow','CAR'),(332,103,'Cavan','CAV'),(333,103,'Clare','CLA'),(334,103,'Cork','COR'),(335,103,'Donegal','DON'),(336,103,'Dublin','DUB'),(337,103,'Galway','GAL'),(338,103,'Kerry','KER'),(339,103,'Kildare','KIL'),(340,103,'Kilkenny','KIL'),(341,103,'Laois','LAO'),(342,103,'Leitrim','LEI'),(343,103,'Limerick','LIM'),(344,103,'Longford','LON'),(345,103,'Louth','LOU'),(346,103,'Mayo','MAY'),(347,103,'Meath','MEA'),(348,103,'Monaghan','MON'),(349,103,'Offaly','OFF'),(350,103,'Roscommon','ROS'),(351,103,'Sligo','SLI'),(352,103,'Tipperary','TIP'),(353,103,'Waterford','WAT'),(354,103,'Westmeath','WES'),(355,103,'Wexford','WEX'),(356,103,'Wicklow','WIC'),(357,105,'Agrigento','AG'),(358,105,'Alessandria','AL'),(359,105,'Ancona','AN'),(360,105,'Aosta','AO'),(361,105,'Arezzo','AR'),(362,105,'Ascoli Piceno','AP'),(363,105,'Asti','AT'),(364,105,'Avellino','AV'),(365,105,'Bari','BA'),(366,105,'Belluno','BL'),(367,105,'Benevento','BN'),(368,105,'Bergamo','BG'),(369,105,'Biella','BI'),(370,105,'Bologna','BO'),(371,105,'Bolzano','BZ'),(372,105,'Brescia','BS'),(373,105,'Brindisi','BR'),(374,105,'Cagliari','CA'),(375,105,'Caltanissetta','CL'),(376,105,'Campobasso','CB'),(377,105,'Caserta','CE'),(378,105,'Catania','CT'),(379,105,'Catanzaro','CZ'),(380,105,'Chieti','CH'),(381,105,'Como','CO'),(382,105,'Cosenza','CS'),(383,105,'Cremona','CR'),(384,105,'Crotone','KR'),(385,105,'Cuneo','CN'),(386,105,'Enna','EN'),(387,105,'Ferrara','FE'),(388,105,'Firenze','FI'),(389,105,'Foggia','FG'),(390,105,'Forl','FO'),(391,105,'Frosinone','FR'),(392,105,'Genova','GE'),(393,105,'Gorizia','GO'),(394,105,'Grosseto','GR'),(395,105,'Imperia','IM'),(396,105,'Isernia','IS'),(397,105,'Aquila','AQ'),(398,105,'La Spezia','SP'),(399,105,'Latina','LT'),(400,105,'Lecce','LE'),(401,105,'Lecco','LC'),(402,105,'Livorno','LI'),(403,105,'Lodi','LO'),(404,105,'Lucca','LU'),(405,105,'Macerata','MC'),(406,105,'Mantova','MN'),(407,105,'Massa-Carrara','MS'),(408,105,'Matera','MT'),(409,105,'Messina','ME'),(410,105,'Milano','MI'),(411,105,'Modena','MO'),(412,105,'Napoli','NA'),(413,105,'Novara','NO'),(414,105,'Nuoro','NU'),(415,105,'Oristano','OR'),(416,105,'Padova','PD'),(417,105,'Palermo','PA'),(418,105,'Parma','PR'),(419,105,'Perugia','PG'),(420,105,'Pavia','PV'),(421,105,'Pesaro e Urbino','PS'),(422,105,'Pescara','PE'),(423,105,'Piacenza','PC'),(424,105,'Pisa','PI'),(425,105,'Pistoia','PT'),(426,105,'Pordenone','PN'),(427,105,'Potenza','PZ'),(428,105,'Prato','PO'),(429,105,'Ragusa','RG'),(430,105,'Ravenna','RA'),(431,105,'Reggio di Calabria','RC'),(432,105,'Reggio Emilia','RE'),(433,105,'Rieti','RI'),(434,105,'Rimini','RN'),(435,105,'Roma','RM'),(436,105,'Rovigo','RO'),(437,105,'Salerno','SA'),(438,105,'Sassari','SS'),(439,105,'Savona','SV'),(440,105,'Siena','SI'),(441,105,'Siracusa','SR'),(442,105,'Sondrio','SO'),(443,105,'Taranto','TA'),(444,105,'Teramo','TE'),(445,105,'Terni','TR'),(446,105,'Torino','TO'),(447,105,'Trapani','TP'),(448,105,'Trento','TN'),(449,105,'Treviso','TV'),(450,105,'Trieste','TS'),(451,105,'Udine','UD'),(452,105,'Varese','VA'),(453,105,'Venezia','VE'),(454,105,'Verbania','VB'),(455,105,'Vercelli','VC'),(456,105,'Verona','VR'),(457,105,'Vibo Valentia','VV'),(458,105,'Vicenza','VI'),(459,105,'Viterbo','VT'),(460,73,'Ain','1'),(461,73,'Aisne','2'),(462,73,'Allier','3'),(463,73,'Alpes-de-Haute-Provence','4'),(464,73,'Hautes-Alpes','5'),(465,73,'Alpes-Maritimes','6'),(466,73,'Ardèche','7'),(467,73,'Ardennes','8'),(468,73,'Ariège','9'),(469,73,'Aube','10'),(470,73,'Aude','11'),(471,73,'Aveyron','12'),(472,73,'Bouches-du-Rhône','13'),(473,73,'Calvados','14'),(474,73,'Cantal','15'),(475,73,'Charente','16'),(476,73,'Charente-Maritime','17'),(477,73,'Cher','18'),(478,73,'Corrèze','19'),(479,73,'Corse-du-Sud, Haute-Corse','20'),(480,73,'Côte-d\'Or','21'),(481,73,'Côtes-d\'Armor','22'),(482,73,'Creuse','23'),(483,73,'Dordogne','24'),(484,73,'Doubs','25'),(485,73,'Drôme','26'),(486,73,'Eure','27'),(487,73,'Eure-et-Loir','28'),(488,73,'Finistère','29'),(489,73,'Gard','30'),(490,73,'Haute-Garonne','31'),(491,73,'Gers','32'),(492,73,'Hérault','34'),(493,73,'Gironde','33'),(494,73,'Ille-et-Vilaine','35'),(495,73,'Indre','36'),(496,73,'Indre-et-Loire','37'),(497,73,'Isère','38'),(498,73,'Jura','39'),(499,73,'Landes','40'),(500,73,'Loir-et-Cher','41'),(501,73,'Loire','42'),(502,73,'Haute-Loire','43'),(503,73,'Loire-Atlantique','44'),(504,73,'Loiret','45'),(505,73,'Lot','46'),(506,73,'Lot-et-Garonne','47'),(507,73,'Lozère','48'),(508,73,'Maine-et-Loire','49'),(509,73,'Manche','50'),(510,73,'Marne','51'),(511,73,'Haute-Marne','52'),(512,73,'Mayenne','53'),(513,73,'Meurthe-et-Moselle','54'),(514,73,'Meuse','55'),(515,73,'Moselle','57'),(516,73,'Morbihan','56'),(517,73,'Nièvre','58'),(518,73,'Nord','59'),(519,73,'Oise','60'),(520,73,'Orne','61'),(521,73,'Pas-de-Calais','62'),(522,73,'Hautes-Pyrénées','65'),(523,73,'Puy-de-Dôme','63'),(524,73,'Pyrénées-Atlantiques','64'),(525,73,'Pyrénées-Orientales','66'),(526,73,'Bas-Rhin','67'),(527,73,'Haut-Rhin','68'),(528,73,'Rhône','69'),(529,73,'Haute-Saône','70'),(530,73,'Saône-et-Loire','71'),(531,73,'Sarthe','72'),(532,73,'Savoie','73'),(533,73,'Paris','75'),(534,73,'Haute-Savoie','74'),(535,73,'Seine-Maritime','76'),(536,73,'Seine-et-Marne','77'),(537,73,'Yvelines','78'),(538,73,'Deux-Sèvres','79'),(539,73,'Somme','80'),(540,73,'Tarn','81'),(541,73,'Tarn-et-Garonne','82'),(542,73,'Var','83'),(543,73,'Vaucluse','84'),(544,73,'Vendée','85'),(545,73,'Vienne','86'),(546,73,'Haute-Vienne','87'),(547,73,'Vosges','88'),(548,73,'Yonne','89'),(549,73,'Territoire-de-Belfort','90'),(550,73,'Essonne','91'),(551,73,'Hauts-de-Seine','92'),(552,73,'Seine-Saint-Denis','93'),(553,73,'Val-de-Marne','94'),(554,73,'Val-d\'Oise','95'),(555,81,'Niedersachsen','NDS'),(556,81,'Baden-Württemberg','BAW'),(557,81,'Bayern','BAY'),(558,81,'Berlin','BER'),(559,81,'Brandenburg','BRG'),(560,81,'Bremen','BRE'),(561,81,'Hamburg','HAM'),(562,81,'Hessen','HES'),(563,81,'Mecklenburg-Vorpommern','MEC'),(564,81,'Nordrhein-Westfalen','NRW'),(565,81,'Rheinland-Pfalz','RHE'),(566,81,'Saarland','SAR'),(567,81,'Sachsen','SAS'),(568,81,'Sachsen-Anhalt','SAC'),(569,81,'Schleswig-Holstein','SCN'),(570,81,'Thüringen','THE');
